{
  "source": "training episode_000000 frame_0",
  "transport": "local client -> SSH tunnel 127.0.0.1:15556 -> A800_1:5556",
  "language": "pick up the pipette",
  "state": [
    0.010701913386583328,
    -0.2334766834974289,
    -0.07287607342004776,
    -0.5848541855812073,
    0.3651353716850281,
    0.4199272394180298,
    -0.2504822909832001,
    0.9980000257492065,
    1.0,
    0.9980000257492065,
    0.9980000257492065,
    0.9990000128746033,
    0.984000027179718
  ],
  "image_shape": [
    224,
    224,
    3
  ],
  "action_shape": [
    16,
    13
  ],
  "latency_seconds": 1.9133903719775844,
  "first_action": [
    -0.023901711647414725,
    -0.2565953306872272,
    -0.10351088061782718,
    -0.7247285866123824,
    0.37219380567707927,
    0.3508012322244558,
    -0.25441427760166335,
    1.0,
    0.9869536757469177,
    0.9959208369255066,
    1.0,
    1.0,
    1.0
  ],
  "action_min": [
    -0.04156793650599022,
    -0.26350328467703826,
    -0.12189427689051816,
    -0.7355597096870754,
    0.3676047866724594,
    0.34483207742964855,
    -0.2629089533696825,
    0.9952331781387329,
    0.973313570022583,
    0.9846333861351013,
    0.9783927202224731,
    1.0,
    1.0
  ],
  "action_max": [
    -0.006132023146230736,
    -0.25230892430104035,
    -0.07822317487757041,
    -0.7031771188392613,
    0.3837713371944165,
    0.3710954571119117,
    -0.23021113700463053,
    1.0,
    0.9918208122253418,
    1.0,
    1.0,
    1.0,
    1.0
  ],
  "actions": [
    [
      -0.023901711647414725,
      -0.2565953306872272,
      -0.10351088061782718,
      -0.7247285866123824,
      0.37219380567707927,
      0.3508012322244558,
      -0.25441427760166335,
      1.0,
      0.9869536757469177,
      0.9959208369255066,
      1.0,
      1.0,
      1.0
    ],
    [
      -0.04097279351383509,
      -0.2561323411978796,
      -0.07822317487757041,
      -0.7355597096870754,
      0.3676047866724594,
      0.36321643408360027,
      -0.2629089533696825,
      0.9993506669998169,
      0.9918208122253418,
      1.0,
      0.9845076203346252,
      1.0,
      1.0
    ],
    [
      -0.018284914303915212,
      -0.2559691754372485,
      -0.10794778241312564,
      -0.7058495495976224,
      0.3791539850880168,
      0.356251325320428,
      -0.25057625338531997,
      1.0,
      0.981032133102417,
      0.9916309714317322,
      0.9926536083221436,
      1.0,
      1.0
    ],
    [
      -0.012386997650586817,
      -0.2563926855889516,
      -0.10511379263093995,
      -0.7289712483171287,
      0.3756314028774822,
      0.3600760615380334,
      -0.24883021560365232,
      0.9994505047798157,
      0.9801880717277527,
      0.9890594482421875,
      0.991950273513794,
      1.0,
      1.0
    ],
    [
      -0.03460045309483872,
      -0.25321834421384093,
      -0.1004847806891627,
      -0.7102895108928329,
      0.37681967772730374,
      0.34483207742964855,
      -0.24921150729272468,
      1.0,
      0.9810928106307983,
      0.9921281337738037,
      0.9783927202224731,
      1.0,
      1.0
    ],
    [
      -0.018132897500190648,
      -0.25230892430104035,
      -0.11577424867006839,
      -0.7139881276830335,
      0.3750950609775441,
      0.3492188111605218,
      -0.2455800332871464,
      1.0,
      0.9837150573730469,
      0.9880908727645874,
      0.9931499361991882,
      1.0,
      1.0
    ],
    [
      -0.014669624969013473,
      -0.2552626497561121,
      -0.11268245493546622,
      -0.7093984804842846,
      0.37778766342554754,
      0.3484241975136412,
      -0.25348310335148744,
      1.0,
      0.989698052406311,
      0.9863137006759644,
      0.9846875667572021,
      1.0,
      1.0
    ],
    [
      -0.011809249963637303,
      -0.2556202724309806,
      -0.12189427689051816,
      -0.7174517382051037,
      0.37954761792888936,
      0.35849369521589425,
      -0.23363573949911587,
      1.0,
      0.9806126952171326,
      0.9898744821548462,
      0.9903572797775269,
      1.0,
      1.0
    ],
    [
      -0.00908929489184862,
      -0.25403727887990724,
      -0.10062995866389207,
      -0.7215024441001376,
      0.3735806981435148,
      0.35704719802859036,
      -0.23802681337979453,
      0.997471809387207,
      0.9821847677230835,
      0.9951478242874146,
      0.9961865544319153,
      1.0,
      1.0
    ],
    [
      -0.02252797156081554,
      -0.25520918573092166,
      -0.09962185786161673,
      -0.7117291494444342,
      0.3780499947831467,
      0.35262865931490517,
      -0.24878417785667511,
      1.0,
      0.9818860292434692,
      0.993201732635498,
      0.9964758157730103,
      1.0,
      1.0
    ],
    [
      -0.04156793650599022,
      -0.25617939419053715,
      -0.08673826051629197,
      -0.7033082215951283,
      0.3825812468532095,
      0.3675894458712293,
      -0.2413370788576097,
      1.0,
      0.973313570022583,
      0.9911966323852539,
      0.9910470843315125,
      1.0,
      1.0
    ],
    [
      -0.0161892341209513,
      -0.26350328467703826,
      -0.09670439565906042,
      -0.7326463884975084,
      0.37426966997670374,
      0.3564752557559234,
      -0.260870302789431,
      0.9952331781387329,
      0.977331280708313,
      0.9862862229347229,
      0.9969356060028076,
      1.0,
      1.0
    ],
    [
      -0.006132023146230736,
      -0.2592275411998829,
      -0.10091919116220183,
      -0.7264315714828444,
      0.37537792025348626,
      0.3590235957901109,
      -0.24035587355638183,
      1.0,
      0.9743411540985107,
      0.9846333861351013,
      0.9959540367126465,
      1.0,
      1.0
    ],
    [
      -0.021025408410765944,
      -0.2527381645206809,
      -0.08630691144763392,
      -0.7197795851686764,
      0.37630968189526687,
      0.3622301876601899,
      -0.2607739585911208,
      1.0,
      0.9785405993461609,
      0.9853801727294922,
      1.0,
      1.0,
      1.0
    ],
    [
      -0.04048935772257867,
      -0.2569960866561061,
      -0.10482705981143672,
      -0.7031771188392613,
      0.3837713371944165,
      0.3710954571119117,
      -0.23021113700463053,
      1.0,
      0.9838614463806152,
      0.9847836494445801,
      0.9937679171562195,
      1.0,
      1.0
    ],
    [
      -0.02935238033316745,
      -0.25605957763952003,
      -0.09166024043144938,
      -0.7056643185457105,
      0.3822170764355298,
      0.3513419716740541,
      -0.24728843303040793,
      1.0,
      0.9795715808868408,
      0.9929506778717041,
      0.9856275320053101,
      1.0,
      1.0
    ]
  ]
}