{
  "source": "training episode_000000 frame_0",
  "transport": "server localhost ZMQ",
  "language": "pick up the pipette",
  "state": [
    0.010701913386583328,
    -0.2334766834974289,
    -0.07287607342004776,
    -0.5848541855812073,
    0.3651353716850281,
    0.4199272394180298,
    -0.2504822909832001,
    0.9980000257492065,
    1.0,
    0.9980000257492065,
    0.9980000257492065,
    0.9990000128746033,
    0.984000027179718
  ],
  "image_shape": [
    224,
    224,
    3
  ],
  "action_shape": [
    16,
    13
  ],
  "latency_seconds": 1.1912276782095432,
  "first_action": [
    0.03636317053648819,
    -0.25859914374940696,
    -0.15590586166553794,
    -0.756980825235334,
    0.38249081536892127,
    0.3384578880946937,
    -0.20645639396514526,
    1.0,
    0.9881638288497925,
    0.9904961585998535,
    1.0,
    1.0,
    1.0
  ],
  "action_min": [
    -0.020508299779713912,
    -0.26888439978156314,
    -0.15836520857581124,
    -0.756980825235334,
    0.3770188814474359,
    0.3374021195918148,
    -0.24847242473856035,
    1.0,
    0.9734832048416138,
    0.9841765761375427,
    1.0,
    1.0,
    1.0
  ],
  "action_max": [
    0.03636317053648819,
    -0.2563222804933373,
    -0.10772623784654306,
    -0.7057146941867329,
    0.3887632809249527,
    0.3584913960605102,
    -0.20645639396514526,
    1.0,
    1.0,
    0.9997508525848389,
    1.0,
    1.0,
    1.0
  ],
  "actions": [
    [
      0.03636317053648819,
      -0.25859914374940696,
      -0.15590586166553794,
      -0.756980825235334,
      0.38249081536892127,
      0.3384578880946937,
      -0.20645639396514526,
      1.0,
      0.9881638288497925,
      0.9904961585998535,
      1.0,
      1.0,
      1.0
    ],
    [
      -0.011190703649217593,
      -0.26262980640776434,
      -0.11111327454310213,
      -0.7192089414353311,
      0.38399601497477653,
      0.3505064476591503,
      -0.2361431672577105,
      1.0,
      0.989879310131073,
      0.9977186322212219,
      1.0,
      1.0,
      1.0
    ],
    [
      0.022312654176795288,
      -0.25921378903683295,
      -0.13705148658490796,
      -0.739894746747856,
      0.3770188814474359,
      0.35035804265329273,
      -0.2348432779312955,
      1.0,
      0.9781568050384521,
      0.9951993823051453,
      1.0,
      1.0,
      1.0
    ],
    [
      -1.6211083519568348e-05,
      -0.26441245545645026,
      -0.11722001795371498,
      -0.7378717654783133,
      0.3794978420154699,
      0.35268989713608534,
      -0.23116448097742853,
      1.0,
      0.9836490154266357,
      0.9997508525848389,
      1.0,
      1.0,
      1.0
    ],
    [
      -0.0035934962174901663,
      -0.2563222804933373,
      -0.12060368429682702,
      -0.7222364634225436,
      0.38750969127087687,
      0.3438550093805092,
      -0.23487306706169248,
      1.0,
      0.9847771525382996,
      0.9935188889503479,
      1.0,
      1.0,
      1.0
    ],
    [
      0.011164568941891329,
      -0.2607389005972916,
      -0.11417352738669617,
      -0.7401040848556326,
      0.37791593432477577,
      0.352513427836731,
      -0.23865389981967738,
      1.0,
      0.9734832048416138,
      0.9987821578979492,
      1.0,
      1.0,
      1.0
    ],
    [
      0.032404795483254034,
      -0.2605478485060315,
      -0.14487101553100565,
      -0.7558462325052038,
      0.3887632809249527,
      0.34471746635848277,
      -0.21035064573886364,
      1.0,
      1.0,
      0.9865567684173584,
      1.0,
      1.0,
      1.0
    ],
    [
      -0.020508299779713912,
      -0.258432672819154,
      -0.11615259893077248,
      -0.7057146941867329,
      0.38334172331561267,
      0.3395891272854155,
      -0.24090731671907778,
      1.0,
      1.0,
      0.9841765761375427,
      1.0,
      1.0,
      1.0
    ],
    [
      0.015207615119258833,
      -0.2639654769395424,
      -0.12349640248782662,
      -0.7445127640185754,
      0.377745749876396,
      0.35068919401764825,
      -0.23413012890359386,
      1.0,
      0.9935275316238403,
      0.9977022409439087,
      1.0,
      1.0,
      1.0
    ],
    [
      0.017649664471738546,
      -0.2605215234113043,
      -0.15836520857581124,
      -0.7346158719170501,
      0.38463303802296656,
      0.3374021195918148,
      -0.21060676800021239,
      1.0,
      0.997914731502533,
      0.9949359893798828,
      1.0,
      1.0,
      1.0
    ],
    [
      0.004278682785680221,
      -0.26063778565931095,
      -0.13722921655667955,
      -0.7275758310523128,
      0.38165666140572424,
      0.3395032556565497,
      -0.22027538336612668,
      1.0,
      0.9889786839485168,
      0.9941619634628296,
      1.0,
      1.0,
      1.0
    ],
    [
      -0.010572506638115264,
      -0.26888439978156314,
      -0.10772623784654306,
      -0.7182095943922127,
      0.3840846023772637,
      0.3584913960605102,
      -0.2243070598800741,
      1.0,
      0.9913986921310425,
      0.9965943694114685,
      1.0,
      1.0,
      1.0
    ],
    [
      0.003033067155896685,
      -0.26060453465638106,
      -0.11935429427402547,
      -0.7235945642858155,
      0.38387030291773727,
      0.34497623082277223,
      -0.22752616786487156,
      1.0,
      0.9963986873626709,
      0.9891175031661987,
      1.0,
      1.0,
      1.0
    ],
    [
      -0.009586143930492508,
      -0.25726873823657426,
      -0.1256180680689896,
      -0.7220906202377482,
      0.38319379650571483,
      0.34993961462067,
      -0.220498732994034,
      1.0,
      0.9969552755355835,
      0.9927286505699158,
      1.0,
      1.0,
      1.0
    ],
    [
      0.0018291583422085367,
      -0.2588882381335218,
      -0.1206976609854408,
      -0.7178563945014926,
      0.3810481430018071,
      0.348673236185711,
      -0.24847242473856035,
      1.0,
      0.9806482791900635,
      0.9978601932525635,
      1.0,
      1.0,
      1.0
    ],
    [
      0.0015647357309505061,
      -0.2633126644169851,
      -0.12594681796146537,
      -0.7188463448964346,
      0.38250366676069725,
      0.3435899131152813,
      -0.22292432096911885,
      1.0,
      0.9975976943969727,
      0.9935771226882935,
      1.0,
      1.0,
      1.0
    ]
  ]
}